Variable,Importance
Max. Temperature,0.2763014973130122
Daylength,0.14183455726334557
SPEI,0.1184740722130374
Elevation,0.10149604134828315
Longitude,0.07160127801039619
Year,0.06380611968249769
% Wetlands Remaining,0.058583843306401505
% Agriculture on Hydric Soil,0.04847038468282507
Watershed Area (HUC12),0.01975230974253818
% Forest Remaining,0.014369603866187594
